--------------------------------------------------------
--  File created - Monday-December-11-2017   
--------------------------------------------------------
--------------------------------------------------------
--  DDL for Table BOOK
--------------------------------------------------------

  CREATE TABLE "JPA_TRAINING"."BOOK" 
   (	"ISBN" VARCHAR2(20 BYTE), 
	"BOOK_NAME" VARCHAR2(50 BYTE), 
	"PUBLISHER_CODE" VARCHAR2(10 BYTE)
   ) PCTFREE 10 PCTUSED 40 INITRANS 1 MAXTRANS 255 NOCOMPRESS LOGGING
  STORAGE(INITIAL 65536 NEXT 1048576 MINEXTENTS 1 MAXEXTENTS 2147483645
  PCTINCREASE 0 FREELISTS 1 FREELIST GROUPS 1 BUFFER_POOL DEFAULT)
  TABLESPACE "USERS" ;
--------------------------------------------------------
--  DDL for Table CHAPTER
--------------------------------------------------------

  CREATE TABLE "JPA_TRAINING"."CHAPTER" 
   (	"BOOK_ISBN" VARCHAR2(20 BYTE), 
	"CHAPTER_NUM" NUMBER(10,0), 
	"TITLE" VARCHAR2(50 BYTE)
   ) PCTFREE 10 PCTUSED 40 INITRANS 1 MAXTRANS 255 NOCOMPRESS LOGGING
  STORAGE(INITIAL 65536 NEXT 1048576 MINEXTENTS 1 MAXEXTENTS 2147483645
  PCTINCREASE 0 FREELISTS 1 FREELIST GROUPS 1 BUFFER_POOL DEFAULT)
  TABLESPACE "USERS" ;
--------------------------------------------------------
--  DDL for Table CITIZEN
--------------------------------------------------------

  CREATE TABLE "JPA_TRAINING"."CITIZEN" 
   (	"ID" NUMBER(10,0), 
	"CITIZEN_NAME" VARCHAR2(255 CHAR), 
	"SSN_ID" NUMBER(10,0)
   ) PCTFREE 10 PCTUSED 40 INITRANS 1 MAXTRANS 255 NOCOMPRESS LOGGING
  STORAGE(INITIAL 65536 NEXT 1048576 MINEXTENTS 1 MAXEXTENTS 2147483645
  PCTINCREASE 0 FREELISTS 1 FREELIST GROUPS 1 BUFFER_POOL DEFAULT)
  TABLESPACE "USERS" ;
--------------------------------------------------------
--  DDL for Table COURSE
--------------------------------------------------------

  CREATE TABLE "JPA_TRAINING"."COURSE" 
   (	"ID" NUMBER(10,0), 
	"COURSE_NAME" VARCHAR2(255 CHAR), 
	"COURSE_PRICE" FLOAT(126)
   ) PCTFREE 10 PCTUSED 40 INITRANS 1 MAXTRANS 255 NOCOMPRESS LOGGING
  STORAGE(INITIAL 65536 NEXT 1048576 MINEXTENTS 1 MAXEXTENTS 2147483645
  PCTINCREASE 0 FREELISTS 1 FREELIST GROUPS 1 BUFFER_POOL DEFAULT)
  TABLESPACE "USERS" ;
--------------------------------------------------------
--  DDL for Table DEPARTMENT
--------------------------------------------------------

  CREATE TABLE "JPA_TRAINING"."DEPARTMENT" 
   (	"DEPARTMENT_ID" NUMBER(10,0), 
	"DEPARTMENT_NAME" VARCHAR2(255 CHAR), 
	"DEPARTMENT_LOC" VARCHAR2(50 BYTE)
   ) PCTFREE 10 PCTUSED 40 INITRANS 1 MAXTRANS 255 NOCOMPRESS LOGGING
  STORAGE(INITIAL 65536 NEXT 1048576 MINEXTENTS 1 MAXEXTENTS 2147483645
  PCTINCREASE 0 FREELISTS 1 FREELIST GROUPS 1 BUFFER_POOL DEFAULT)
  TABLESPACE "USERS" ;
--------------------------------------------------------
--  DDL for Table EMPLOYEE
--------------------------------------------------------

  CREATE TABLE "JPA_TRAINING"."EMPLOYEE" 
   (	"EMPLOYEEID" NUMBER(10,0), 
	"DESIGNATION" VARCHAR2(255 CHAR), 
	"NAME" VARCHAR2(255 CHAR), 
	"DEPARTMENT_ID" NUMBER(10,0)
   ) PCTFREE 10 PCTUSED 40 INITRANS 1 MAXTRANS 255 NOCOMPRESS LOGGING
  STORAGE(INITIAL 65536 NEXT 1048576 MINEXTENTS 1 MAXEXTENTS 2147483645
  PCTINCREASE 0 FREELISTS 1 FREELIST GROUPS 1 BUFFER_POOL DEFAULT)
  TABLESPACE "USERS" ;
--------------------------------------------------------
--  DDL for Table FEATHERWEIGHTUFCFIGHTER
--------------------------------------------------------

  CREATE TABLE "JPA_TRAINING"."FEATHERWEIGHTUFCFIGHTER" 
   (	"ID" NUMBER(19,0), 
	"NAME" VARCHAR2(255 CHAR), 
	"AGE" NUMBER(10,0), 
	"RESIDENT_OF" VARCHAR2(255 CHAR), 
	"CHAMPIONOFTHEDIVISION" VARCHAR2(255 CHAR)
   ) PCTFREE 10 PCTUSED 40 INITRANS 1 MAXTRANS 255 NOCOMPRESS LOGGING
  STORAGE(INITIAL 65536 NEXT 1048576 MINEXTENTS 1 MAXEXTENTS 2147483645
  PCTINCREASE 0 FREELISTS 1 FREELIST GROUPS 1 BUFFER_POOL DEFAULT)
  TABLESPACE "USERS" ;
--------------------------------------------------------
--  DDL for Table HEAVYWEIGHTUFCFIGHTER
--------------------------------------------------------

  CREATE TABLE "JPA_TRAINING"."HEAVYWEIGHTUFCFIGHTER" 
   (	"ID" NUMBER(19,0), 
	"NAME" VARCHAR2(255 CHAR), 
	"AGE" NUMBER(10,0), 
	"RESIDENT_OF" VARCHAR2(255 CHAR), 
	"LEGENDOFTHISDIVISION" VARCHAR2(255 CHAR)
   ) PCTFREE 10 PCTUSED 40 INITRANS 1 MAXTRANS 255 NOCOMPRESS LOGGING
  STORAGE(INITIAL 65536 NEXT 1048576 MINEXTENTS 1 MAXEXTENTS 2147483645
  PCTINCREASE 0 FREELISTS 1 FREELIST GROUPS 1 BUFFER_POOL DEFAULT)
  TABLESPACE "USERS" ;
--------------------------------------------------------
--  DDL for Table HELLO_WORLD
--------------------------------------------------------

  CREATE TABLE "JPA_TRAINING"."HELLO_WORLD" 
   (	"ID" NUMBER(20,0), 
	"TEXT" VARCHAR2(255 BYTE)
   ) PCTFREE 10 PCTUSED 40 INITRANS 1 MAXTRANS 255 NOCOMPRESS LOGGING
  STORAGE(INITIAL 65536 NEXT 1048576 MINEXTENTS 1 MAXEXTENTS 2147483645
  PCTINCREASE 0 FREELISTS 1 FREELIST GROUPS 1 BUFFER_POOL DEFAULT)
  TABLESPACE "USERS" ;
--------------------------------------------------------
--  DDL for Table HT_FEATHERWEIGHTUFCFIGHTER
--------------------------------------------------------

  CREATE GLOBAL TEMPORARY TABLE "JPA_TRAINING"."HT_FEATHERWEIGHTUFCFIGHTER" 
   (	"ID" NUMBER(19,0)
   ) ON COMMIT DELETE ROWS ;
--------------------------------------------------------
--  DDL for Table HT_HEAVYWEIGHTUFCFIGHTER
--------------------------------------------------------

  CREATE GLOBAL TEMPORARY TABLE "JPA_TRAINING"."HT_HEAVYWEIGHTUFCFIGHTER" 
   (	"ID" NUMBER(19,0)
   ) ON COMMIT DELETE ROWS ;
--------------------------------------------------------
--  DDL for Table HT_UFCFIGHTER
--------------------------------------------------------

  CREATE GLOBAL TEMPORARY TABLE "JPA_TRAINING"."HT_UFCFIGHTER" 
   (	"ID" NUMBER(19,0)
   ) ON COMMIT DELETE ROWS ;
--------------------------------------------------------
--  DDL for Table PERSON
--------------------------------------------------------

  CREATE TABLE "JPA_TRAINING"."PERSON" 
   (	"ID" NUMBER(10,0), 
	"NAME" VARCHAR2(255 CHAR), 
	"CITY" VARCHAR2(255 CHAR), 
	"STATE" VARCHAR2(255 CHAR), 
	"SHIPPING_STREET" VARCHAR2(255 CHAR), 
	"ZIPCODE" VARCHAR2(255 CHAR)
   ) PCTFREE 10 PCTUSED 40 INITRANS 1 MAXTRANS 255 NOCOMPRESS LOGGING
  STORAGE(INITIAL 65536 NEXT 1048576 MINEXTENTS 1 MAXEXTENTS 2147483645
  PCTINCREASE 0 FREELISTS 1 FREELIST GROUPS 1 BUFFER_POOL DEFAULT)
  TABLESPACE "USERS" ;
--------------------------------------------------------
--  DDL for Table PUBLISHER
--------------------------------------------------------

  CREATE TABLE "JPA_TRAINING"."PUBLISHER" 
   (	"PUBLISHER_CODE" VARCHAR2(10 BYTE), 
	"PUBLISHER_NAME" VARCHAR2(50 BYTE)
   ) PCTFREE 10 PCTUSED 40 INITRANS 1 MAXTRANS 255 NOCOMPRESS LOGGING
  STORAGE(INITIAL 65536 NEXT 1048576 MINEXTENTS 1 MAXEXTENTS 2147483645
  PCTINCREASE 0 FREELISTS 1 FREELIST GROUPS 1 BUFFER_POOL DEFAULT)
  TABLESPACE "USERS" ;
--------------------------------------------------------
--  DDL for Table SSNENTRY
--------------------------------------------------------

  CREATE TABLE "JPA_TRAINING"."SSNENTRY" 
   (	"ID" NUMBER(10,0), 
	"SSN_NUMBER" NUMBER(10,0)
   ) PCTFREE 10 PCTUSED 40 INITRANS 1 MAXTRANS 255 NOCOMPRESS LOGGING
  STORAGE(INITIAL 65536 NEXT 1048576 MINEXTENTS 1 MAXEXTENTS 2147483645
  PCTINCREASE 0 FREELISTS 1 FREELIST GROUPS 1 BUFFER_POOL DEFAULT)
  TABLESPACE "USERS" ;
--------------------------------------------------------
--  DDL for Table STUDENT
--------------------------------------------------------

  CREATE TABLE "JPA_TRAINING"."STUDENT" 
   (	"ID" NUMBER(10,0), 
	"YEAR" NUMBER(10,0), 
	"MAJOR" VARCHAR2(255 CHAR), 
	"STUDENT_NAME" VARCHAR2(255 CHAR)
   ) PCTFREE 10 PCTUSED 40 INITRANS 1 MAXTRANS 255 NOCOMPRESS LOGGING
  STORAGE(INITIAL 65536 NEXT 1048576 MINEXTENTS 1 MAXEXTENTS 2147483645
  PCTINCREASE 0 FREELISTS 1 FREELIST GROUPS 1 BUFFER_POOL DEFAULT)
  TABLESPACE "USERS" ;
--------------------------------------------------------
--  DDL for Table STUDENT_COURSE
--------------------------------------------------------

  CREATE TABLE "JPA_TRAINING"."STUDENT_COURSE" 
   (	"STUDENT_ID" NUMBER(10,0), 
	"COURSE_ID" NUMBER(10,0)
   ) PCTFREE 10 PCTUSED 40 INITRANS 1 MAXTRANS 255 NOCOMPRESS LOGGING
  STORAGE(INITIAL 65536 NEXT 1048576 MINEXTENTS 1 MAXEXTENTS 2147483645
  PCTINCREASE 0 FREELISTS 1 FREELIST GROUPS 1 BUFFER_POOL DEFAULT)
  TABLESPACE "USERS" ;
--------------------------------------------------------
--  DDL for Table UFCFIGHTER
--------------------------------------------------------

  CREATE TABLE "JPA_TRAINING"."UFCFIGHTER" 
   (	"ID" NUMBER(19,0), 
	"NAME" VARCHAR2(255 CHAR), 
	"AGE" NUMBER(10,0), 
	"RESIDENT_OF" VARCHAR2(255 CHAR)
   ) PCTFREE 10 PCTUSED 40 INITRANS 1 MAXTRANS 255 NOCOMPRESS LOGGING
  STORAGE(INITIAL 65536 NEXT 1048576 MINEXTENTS 1 MAXEXTENTS 2147483645
  PCTINCREASE 0 FREELISTS 1 FREELIST GROUPS 1 BUFFER_POOL DEFAULT)
  TABLESPACE "USERS" ;
--------------------------------------------------------
--  DDL for Sequence PRACTICE_SEQUENCE
--------------------------------------------------------

   CREATE SEQUENCE  "JPA_TRAINING"."PRACTICE_SEQUENCE"  MINVALUE 1 MAXVALUE 999999999999999999999999999 INCREMENT BY 1 START WITH 41 CACHE 20 NOORDER  NOCYCLE ;
--------------------------------------------------------
--  DDL for Sequence PRACTICE_SEQUENCE2
--------------------------------------------------------

   CREATE SEQUENCE  "JPA_TRAINING"."PRACTICE_SEQUENCE2"  MINVALUE 1 MAXVALUE 999999999999999999999999999 INCREMENT BY 1 START WITH 101 CACHE 20 NOORDER  NOCYCLE ;
--------------------------------------------------------
--  DDL for Sequence PRACTICE_SEQUENCE3
--------------------------------------------------------

   CREATE SEQUENCE  "JPA_TRAINING"."PRACTICE_SEQUENCE3"  MINVALUE 1 MAXVALUE 999999999999999999999999999 INCREMENT BY 1 START WITH 1 CACHE 20 NOORDER  NOCYCLE ;
REM INSERTING into JPA_TRAINING.BOOK
SET DEFINE OFF;
Insert into JPA_TRAINING.BOOK (ISBN,BOOK_NAME,PUBLISHER_CODE) values ('9781617290459','Java Persistence with Hibernate, Second Edition','MANN');
REM INSERTING into JPA_TRAINING.CHAPTER
SET DEFINE OFF;
Insert into JPA_TRAINING.CHAPTER (BOOK_ISBN,CHAPTER_NUM,TITLE) values ('9781617290459',1,'Introducing JPA and Hibernate');
Insert into JPA_TRAINING.CHAPTER (BOOK_ISBN,CHAPTER_NUM,TITLE) values ('9781617290459',2,'Domain Models and Metadata');
REM INSERTING into JPA_TRAINING.CITIZEN
SET DEFINE OFF;
Insert into JPA_TRAINING.CITIZEN (ID,CITIZEN_NAME,SSN_ID) values (81,'Deeksha Banerjee',82);
Insert into JPA_TRAINING.CITIZEN (ID,CITIZEN_NAME,SSN_ID) values (22,'Kingshuk Mukherjee',23);
REM INSERTING into JPA_TRAINING.COURSE
SET DEFINE OFF;
Insert into JPA_TRAINING.COURSE (ID,COURSE_NAME,COURSE_PRICE) values (24,'JPA and Hibernate',190);
Insert into JPA_TRAINING.COURSE (ID,COURSE_NAME,COURSE_PRICE) values (25,'Data Modelling workshop',180);
REM INSERTING into JPA_TRAINING.DEPARTMENT
SET DEFINE OFF;
Insert into JPA_TRAINING.DEPARTMENT (DEPARTMENT_ID,DEPARTMENT_NAME,DEPARTMENT_LOC) values (41,'Kuchutepona services','USA');
Insert into JPA_TRAINING.DEPARTMENT (DEPARTMENT_ID,DEPARTMENT_NAME,DEPARTMENT_LOC) values (7,'Insurance service Practices','India');
Insert into JPA_TRAINING.DEPARTMENT (DEPARTMENT_ID,DEPARTMENT_NAME,DEPARTMENT_LOC) values (21,'Life Sciences','Canada');
REM INSERTING into JPA_TRAINING.EMPLOYEE
SET DEFINE OFF;
Insert into JPA_TRAINING.EMPLOYEE (EMPLOYEEID,DESIGNATION,NAME,DEPARTMENT_ID) values (23487,'Developer','Anandjit Banerjee',7);
Insert into JPA_TRAINING.EMPLOYEE (EMPLOYEEID,DESIGNATION,NAME,DEPARTMENT_ID) values (232648,'Developer','Nilanjan Paul',21);
Insert into JPA_TRAINING.EMPLOYEE (EMPLOYEEID,DESIGNATION,NAME,DEPARTMENT_ID) values (232649,'Senior developer','Kingshuk Mukherjee',7);
Insert into JPA_TRAINING.EMPLOYEE (EMPLOYEEID,DESIGNATION,NAME,DEPARTMENT_ID) values (5247966,'Tech Lead','Deeksha Banerjee',21);
Insert into JPA_TRAINING.EMPLOYEE (EMPLOYEEID,DESIGNATION,NAME,DEPARTMENT_ID) values (4547897,'Executionaer','Amit BIswas',41);
REM INSERTING into JPA_TRAINING.FEATHERWEIGHTUFCFIGHTER
SET DEFINE OFF;
Insert into JPA_TRAINING.FEATHERWEIGHTUFCFIGHTER (ID,NAME,AGE,RESIDENT_OF,CHAMPIONOFTHEDIVISION) values (72,'Anderson Silva',41,'Brazil','Tyron WoodLey');
Insert into JPA_TRAINING.FEATHERWEIGHTUFCFIGHTER (ID,NAME,AGE,RESIDENT_OF,CHAMPIONOFTHEDIVISION) values (74,'Micheal Bisping',34,'England','Tyron WoodLey');
REM INSERTING into JPA_TRAINING.HEAVYWEIGHTUFCFIGHTER
SET DEFINE OFF;
Insert into JPA_TRAINING.HEAVYWEIGHTUFCFIGHTER (ID,NAME,AGE,RESIDENT_OF,LEGENDOFTHISDIVISION) values (73,'Alistair Overreem',34,'Netherlands','Brock Lesner');
Insert into JPA_TRAINING.HEAVYWEIGHTUFCFIGHTER (ID,NAME,AGE,RESIDENT_OF,LEGENDOFTHISDIVISION) values (75,'Mark Hunt',36,'USA','Brock Lesner');
REM INSERTING into JPA_TRAINING.HELLO_WORLD
SET DEFINE OFF;
Insert into JPA_TRAINING.HELLO_WORLD (ID,TEXT) values (4,'Hello World with Hibernate Annotations edition 4');
Insert into JPA_TRAINING.HELLO_WORLD (ID,TEXT) values (2,'Hello World with Hibernate Annotations edition 2 - just got updated');
Insert into JPA_TRAINING.HELLO_WORLD (ID,TEXT) values (29,'Hello World with Hibernate and JPA 2.0');
Insert into JPA_TRAINING.HELLO_WORLD (ID,TEXT) values (1,'Hello World with Hibernate Annotations edition 1');
REM INSERTING into JPA_TRAINING.HT_FEATHERWEIGHTUFCFIGHTER
SET DEFINE OFF;
REM INSERTING into JPA_TRAINING.HT_HEAVYWEIGHTUFCFIGHTER
SET DEFINE OFF;
REM INSERTING into JPA_TRAINING.HT_UFCFIGHTER
SET DEFINE OFF;
REM INSERTING into JPA_TRAINING.PERSON
SET DEFINE OFF;
Insert into JPA_TRAINING.PERSON (ID,NAME,CITY,STATE,SHIPPING_STREET,ZIPCODE) values (1,'Kingshuk Mukherjee','Hartford','CT','2 Park Pl','06106');
REM INSERTING into JPA_TRAINING.PUBLISHER
SET DEFINE OFF;
Insert into JPA_TRAINING.PUBLISHER (PUBLISHER_CODE,PUBLISHER_NAME) values ('MANN','Manning Publications Co.');
REM INSERTING into JPA_TRAINING.SSNENTRY
SET DEFINE OFF;
Insert into JPA_TRAINING.SSNENTRY (ID,SSN_NUMBER) values (82,564654564);
Insert into JPA_TRAINING.SSNENTRY (ID,SSN_NUMBER) values (23,683853655);
REM INSERTING into JPA_TRAINING.STUDENT
SET DEFINE OFF;
Insert into JPA_TRAINING.STUDENT (ID,YEAR,MAJOR,STUDENT_NAME) values (1,2005,'IT','Kingshuk Mukherjee');
Insert into JPA_TRAINING.STUDENT (ID,YEAR,MAJOR,STUDENT_NAME) values (2,2008,'CSE','Deeksha Banerjee');
REM INSERTING into JPA_TRAINING.STUDENT_COURSE
SET DEFINE OFF;
Insert into JPA_TRAINING.STUDENT_COURSE (STUDENT_ID,COURSE_ID) values (1,24);
Insert into JPA_TRAINING.STUDENT_COURSE (STUDENT_ID,COURSE_ID) values (1,25);
Insert into JPA_TRAINING.STUDENT_COURSE (STUDENT_ID,COURSE_ID) values (1,24);
REM INSERTING into JPA_TRAINING.UFCFIGHTER
SET DEFINE OFF;
--------------------------------------------------------
--  DDL for Index UK_HNMQNWW6OV0AIA7WAEHUPSSCO
--------------------------------------------------------

  CREATE UNIQUE INDEX "JPA_TRAINING"."UK_HNMQNWW6OV0AIA7WAEHUPSSCO" ON "JPA_TRAINING"."CITIZEN" ("SSN_ID") 
  PCTFREE 10 INITRANS 2 MAXTRANS 255 COMPUTE STATISTICS 
  STORAGE(INITIAL 65536 NEXT 1048576 MINEXTENTS 1 MAXEXTENTS 2147483645
  PCTINCREASE 0 FREELISTS 1 FREELIST GROUPS 1 BUFFER_POOL DEFAULT)
  TABLESPACE "USERS" ;
--------------------------------------------------------
--  Constraints for Table PERSON
--------------------------------------------------------

  ALTER TABLE "JPA_TRAINING"."PERSON" MODIFY ("ID" NOT NULL ENABLE);
 
  ALTER TABLE "JPA_TRAINING"."PERSON" ADD PRIMARY KEY ("ID")
  USING INDEX PCTFREE 10 INITRANS 2 MAXTRANS 255 COMPUTE STATISTICS 
  STORAGE(INITIAL 65536 NEXT 1048576 MINEXTENTS 1 MAXEXTENTS 2147483645
  PCTINCREASE 0 FREELISTS 1 FREELIST GROUPS 1 BUFFER_POOL DEFAULT)
  TABLESPACE "USERS"  ENABLE;
--------------------------------------------------------
--  Constraints for Table UFCFIGHTER
--------------------------------------------------------

  ALTER TABLE "JPA_TRAINING"."UFCFIGHTER" MODIFY ("ID" NOT NULL ENABLE);
 
  ALTER TABLE "JPA_TRAINING"."UFCFIGHTER" ADD PRIMARY KEY ("ID")
  USING INDEX PCTFREE 10 INITRANS 2 MAXTRANS 255 COMPUTE STATISTICS 
  STORAGE(INITIAL 65536 NEXT 1048576 MINEXTENTS 1 MAXEXTENTS 2147483645
  PCTINCREASE 0 FREELISTS 1 FREELIST GROUPS 1 BUFFER_POOL DEFAULT)
  TABLESPACE "USERS"  ENABLE;
--------------------------------------------------------
--  Constraints for Table FEATHERWEIGHTUFCFIGHTER
--------------------------------------------------------

  ALTER TABLE "JPA_TRAINING"."FEATHERWEIGHTUFCFIGHTER" MODIFY ("ID" NOT NULL ENABLE);
 
  ALTER TABLE "JPA_TRAINING"."FEATHERWEIGHTUFCFIGHTER" ADD PRIMARY KEY ("ID")
  USING INDEX PCTFREE 10 INITRANS 2 MAXTRANS 255 COMPUTE STATISTICS 
  STORAGE(INITIAL 65536 NEXT 1048576 MINEXTENTS 1 MAXEXTENTS 2147483645
  PCTINCREASE 0 FREELISTS 1 FREELIST GROUPS 1 BUFFER_POOL DEFAULT)
  TABLESPACE "USERS"  ENABLE;
--------------------------------------------------------
--  Constraints for Table HT_HEAVYWEIGHTUFCFIGHTER
--------------------------------------------------------

  ALTER TABLE "JPA_TRAINING"."HT_HEAVYWEIGHTUFCFIGHTER" MODIFY ("ID" NOT NULL ENABLE);
--------------------------------------------------------
--  Constraints for Table HT_FEATHERWEIGHTUFCFIGHTER
--------------------------------------------------------

  ALTER TABLE "JPA_TRAINING"."HT_FEATHERWEIGHTUFCFIGHTER" MODIFY ("ID" NOT NULL ENABLE);
--------------------------------------------------------
--  Constraints for Table CHAPTER
--------------------------------------------------------

  ALTER TABLE "JPA_TRAINING"."CHAPTER" MODIFY ("BOOK_ISBN" NOT NULL ENABLE);
 
  ALTER TABLE "JPA_TRAINING"."CHAPTER" MODIFY ("CHAPTER_NUM" NOT NULL ENABLE);
 
  ALTER TABLE "JPA_TRAINING"."CHAPTER" MODIFY ("TITLE" NOT NULL ENABLE);
 
  ALTER TABLE "JPA_TRAINING"."CHAPTER" ADD PRIMARY KEY ("BOOK_ISBN", "CHAPTER_NUM")
  USING INDEX PCTFREE 10 INITRANS 2 MAXTRANS 255 COMPUTE STATISTICS 
  STORAGE(INITIAL 65536 NEXT 1048576 MINEXTENTS 1 MAXEXTENTS 2147483645
  PCTINCREASE 0 FREELISTS 1 FREELIST GROUPS 1 BUFFER_POOL DEFAULT)
  TABLESPACE "USERS"  ENABLE;
--------------------------------------------------------
--  Constraints for Table CITIZEN
--------------------------------------------------------

  ALTER TABLE "JPA_TRAINING"."CITIZEN" MODIFY ("ID" NOT NULL ENABLE);
 
  ALTER TABLE "JPA_TRAINING"."CITIZEN" ADD PRIMARY KEY ("ID")
  USING INDEX PCTFREE 10 INITRANS 2 MAXTRANS 255 COMPUTE STATISTICS 
  STORAGE(INITIAL 65536 NEXT 1048576 MINEXTENTS 1 MAXEXTENTS 2147483645
  PCTINCREASE 0 FREELISTS 1 FREELIST GROUPS 1 BUFFER_POOL DEFAULT)
  TABLESPACE "USERS"  ENABLE;
 
  ALTER TABLE "JPA_TRAINING"."CITIZEN" ADD CONSTRAINT "UK_HNMQNWW6OV0AIA7WAEHUPSSCO" UNIQUE ("SSN_ID")
  USING INDEX PCTFREE 10 INITRANS 2 MAXTRANS 255 COMPUTE STATISTICS 
  STORAGE(INITIAL 65536 NEXT 1048576 MINEXTENTS 1 MAXEXTENTS 2147483645
  PCTINCREASE 0 FREELISTS 1 FREELIST GROUPS 1 BUFFER_POOL DEFAULT)
  TABLESPACE "USERS"  ENABLE;
--------------------------------------------------------
--  Constraints for Table SSNENTRY
--------------------------------------------------------

  ALTER TABLE "JPA_TRAINING"."SSNENTRY" MODIFY ("ID" NOT NULL ENABLE);
 
  ALTER TABLE "JPA_TRAINING"."SSNENTRY" ADD PRIMARY KEY ("ID")
  USING INDEX PCTFREE 10 INITRANS 2 MAXTRANS 255 COMPUTE STATISTICS 
  STORAGE(INITIAL 65536 NEXT 1048576 MINEXTENTS 1 MAXEXTENTS 2147483645
  PCTINCREASE 0 FREELISTS 1 FREELIST GROUPS 1 BUFFER_POOL DEFAULT)
  TABLESPACE "USERS"  ENABLE;
--------------------------------------------------------
--  Constraints for Table PUBLISHER
--------------------------------------------------------

  ALTER TABLE "JPA_TRAINING"."PUBLISHER" MODIFY ("PUBLISHER_CODE" NOT NULL ENABLE);
 
  ALTER TABLE "JPA_TRAINING"."PUBLISHER" MODIFY ("PUBLISHER_NAME" NOT NULL ENABLE);
 
  ALTER TABLE "JPA_TRAINING"."PUBLISHER" ADD PRIMARY KEY ("PUBLISHER_CODE")
  USING INDEX PCTFREE 10 INITRANS 2 MAXTRANS 255 COMPUTE STATISTICS 
  STORAGE(INITIAL 65536 NEXT 1048576 MINEXTENTS 1 MAXEXTENTS 2147483645
  PCTINCREASE 0 FREELISTS 1 FREELIST GROUPS 1 BUFFER_POOL DEFAULT)
  TABLESPACE "USERS"  ENABLE;
--------------------------------------------------------
--  Constraints for Table DEPARTMENT
--------------------------------------------------------

  ALTER TABLE "JPA_TRAINING"."DEPARTMENT" MODIFY ("DEPARTMENT_ID" NOT NULL ENABLE);
 
  ALTER TABLE "JPA_TRAINING"."DEPARTMENT" ADD PRIMARY KEY ("DEPARTMENT_ID")
  USING INDEX PCTFREE 10 INITRANS 2 MAXTRANS 255 COMPUTE STATISTICS 
  STORAGE(INITIAL 65536 NEXT 1048576 MINEXTENTS 1 MAXEXTENTS 2147483645
  PCTINCREASE 0 FREELISTS 1 FREELIST GROUPS 1 BUFFER_POOL DEFAULT)
  TABLESPACE "USERS"  ENABLE;
--------------------------------------------------------
--  Constraints for Table STUDENT
--------------------------------------------------------

  ALTER TABLE "JPA_TRAINING"."STUDENT" MODIFY ("ID" NOT NULL ENABLE);
 
  ALTER TABLE "JPA_TRAINING"."STUDENT" ADD PRIMARY KEY ("ID")
  USING INDEX PCTFREE 10 INITRANS 2 MAXTRANS 255 COMPUTE STATISTICS 
  STORAGE(INITIAL 65536 NEXT 1048576 MINEXTENTS 1 MAXEXTENTS 2147483645
  PCTINCREASE 0 FREELISTS 1 FREELIST GROUPS 1 BUFFER_POOL DEFAULT)
  TABLESPACE "USERS"  ENABLE;
--------------------------------------------------------
--  Constraints for Table HELLO_WORLD
--------------------------------------------------------

  ALTER TABLE "JPA_TRAINING"."HELLO_WORLD" MODIFY ("ID" NOT NULL ENABLE);
 
  ALTER TABLE "JPA_TRAINING"."HELLO_WORLD" ADD PRIMARY KEY ("ID")
  USING INDEX PCTFREE 10 INITRANS 2 MAXTRANS 255 COMPUTE STATISTICS 
  STORAGE(INITIAL 65536 NEXT 1048576 MINEXTENTS 1 MAXEXTENTS 2147483645
  PCTINCREASE 0 FREELISTS 1 FREELIST GROUPS 1 BUFFER_POOL DEFAULT)
  TABLESPACE "USERS"  ENABLE;
--------------------------------------------------------
--  Constraints for Table COURSE
--------------------------------------------------------

  ALTER TABLE "JPA_TRAINING"."COURSE" MODIFY ("ID" NOT NULL ENABLE);
 
  ALTER TABLE "JPA_TRAINING"."COURSE" ADD PRIMARY KEY ("ID")
  USING INDEX PCTFREE 10 INITRANS 2 MAXTRANS 255 COMPUTE STATISTICS 
  STORAGE(INITIAL 65536 NEXT 1048576 MINEXTENTS 1 MAXEXTENTS 2147483645
  PCTINCREASE 0 FREELISTS 1 FREELIST GROUPS 1 BUFFER_POOL DEFAULT)
  TABLESPACE "USERS"  ENABLE;
--------------------------------------------------------
--  Constraints for Table BOOK
--------------------------------------------------------

  ALTER TABLE "JPA_TRAINING"."BOOK" MODIFY ("ISBN" NOT NULL ENABLE);
 
  ALTER TABLE "JPA_TRAINING"."BOOK" MODIFY ("BOOK_NAME" NOT NULL ENABLE);
 
  ALTER TABLE "JPA_TRAINING"."BOOK" MODIFY ("PUBLISHER_CODE" NOT NULL ENABLE);
 
  ALTER TABLE "JPA_TRAINING"."BOOK" ADD PRIMARY KEY ("ISBN")
  USING INDEX PCTFREE 10 INITRANS 2 MAXTRANS 255 COMPUTE STATISTICS 
  STORAGE(INITIAL 65536 NEXT 1048576 MINEXTENTS 1 MAXEXTENTS 2147483645
  PCTINCREASE 0 FREELISTS 1 FREELIST GROUPS 1 BUFFER_POOL DEFAULT)
  TABLESPACE "USERS"  ENABLE;
--------------------------------------------------------
--  Constraints for Table STUDENT_COURSE
--------------------------------------------------------

  ALTER TABLE "JPA_TRAINING"."STUDENT_COURSE" MODIFY ("STUDENT_ID" NOT NULL ENABLE);
 
  ALTER TABLE "JPA_TRAINING"."STUDENT_COURSE" MODIFY ("COURSE_ID" NOT NULL ENABLE);
--------------------------------------------------------
--  Constraints for Table HT_UFCFIGHTER
--------------------------------------------------------

  ALTER TABLE "JPA_TRAINING"."HT_UFCFIGHTER" MODIFY ("ID" NOT NULL ENABLE);
--------------------------------------------------------
--  Constraints for Table HEAVYWEIGHTUFCFIGHTER
--------------------------------------------------------

  ALTER TABLE "JPA_TRAINING"."HEAVYWEIGHTUFCFIGHTER" MODIFY ("ID" NOT NULL ENABLE);
 
  ALTER TABLE "JPA_TRAINING"."HEAVYWEIGHTUFCFIGHTER" ADD PRIMARY KEY ("ID")
  USING INDEX PCTFREE 10 INITRANS 2 MAXTRANS 255 COMPUTE STATISTICS 
  STORAGE(INITIAL 65536 NEXT 1048576 MINEXTENTS 1 MAXEXTENTS 2147483645
  PCTINCREASE 0 FREELISTS 1 FREELIST GROUPS 1 BUFFER_POOL DEFAULT)
  TABLESPACE "USERS"  ENABLE;
--------------------------------------------------------
--  Constraints for Table EMPLOYEE
--------------------------------------------------------

  ALTER TABLE "JPA_TRAINING"."EMPLOYEE" MODIFY ("EMPLOYEEID" NOT NULL ENABLE);
 
  ALTER TABLE "JPA_TRAINING"."EMPLOYEE" ADD PRIMARY KEY ("EMPLOYEEID")
  USING INDEX PCTFREE 10 INITRANS 2 MAXTRANS 255 COMPUTE STATISTICS 
  STORAGE(INITIAL 65536 NEXT 1048576 MINEXTENTS 1 MAXEXTENTS 2147483645
  PCTINCREASE 0 FREELISTS 1 FREELIST GROUPS 1 BUFFER_POOL DEFAULT)
  TABLESPACE "USERS"  ENABLE;
--------------------------------------------------------
--  Ref Constraints for Table BOOK
--------------------------------------------------------

  ALTER TABLE "JPA_TRAINING"."BOOK" ADD CONSTRAINT "FK_BOOK" FOREIGN KEY ("PUBLISHER_CODE")
	  REFERENCES "JPA_TRAINING"."PUBLISHER" ("PUBLISHER_CODE") ENABLE;
--------------------------------------------------------
--  Ref Constraints for Table CHAPTER
--------------------------------------------------------

  ALTER TABLE "JPA_TRAINING"."CHAPTER" ADD CONSTRAINT "FK_CHAPTER" FOREIGN KEY ("BOOK_ISBN")
	  REFERENCES "JPA_TRAINING"."BOOK" ("ISBN") ENABLE;
--------------------------------------------------------
--  Ref Constraints for Table CITIZEN
--------------------------------------------------------

  ALTER TABLE "JPA_TRAINING"."CITIZEN" ADD CONSTRAINT "FKT9CW1JBR0IOIWKIT54T0A35OA" FOREIGN KEY ("SSN_ID")
	  REFERENCES "JPA_TRAINING"."SSNENTRY" ("ID") ENABLE;
--------------------------------------------------------
--  Ref Constraints for Table EMPLOYEE
--------------------------------------------------------

  ALTER TABLE "JPA_TRAINING"."EMPLOYEE" ADD CONSTRAINT "FK14TIJXQRY9ML17NK86SQFP561" FOREIGN KEY ("DEPARTMENT_ID")
	  REFERENCES "JPA_TRAINING"."DEPARTMENT" ("DEPARTMENT_ID") ENABLE;
--------------------------------------------------------
--  Ref Constraints for Table STUDENT_COURSE
--------------------------------------------------------

  ALTER TABLE "JPA_TRAINING"."STUDENT_COURSE" ADD CONSTRAINT "FKPWTUMR5OFGYDXBUHMVDQL4FYE" FOREIGN KEY ("STUDENT_ID")
	  REFERENCES "JPA_TRAINING"."STUDENT" ("ID") ENABLE;
 
  ALTER TABLE "JPA_TRAINING"."STUDENT_COURSE" ADD CONSTRAINT "FKTAO0YSP4XFMI9DLXC10KU58QQ" FOREIGN KEY ("COURSE_ID")
	  REFERENCES "JPA_TRAINING"."COURSE" ("ID") ENABLE;
