-- ------------------------------------------------------
--  File created - Friday-December-28-2018   
-- ------------------------------------------------------
-- ------------------------------------------------------
--  DDL for Table ADDRESS
-- ------------------------------------------------------

  CREATE TABLE `LIBRARY_MANAGEMENT`.`ADDRESS` 
   (	`ADDRESS_ID` BIGINT, 
	`CITY` VARCHAR(255), 
	`ADDRESS_LN1` VARCHAR(100), 
	`ADDRESS_LN2` VARCHAR(100), 
	`STATE` VARCHAR(255), 
	`ZIP_CODE` VARCHAR(255)
   ) 
  ;
-- ------------------------------------------------------
--  DDL for Table APPLICATION_USER
-- ------------------------------------------------------

  CREATE TABLE `LIBRARY_MANAGEMENT`.`APPLICATION_USER` 
   (	`USER_NAME` VARCHAR(255), 
	`EMAIL_ADDRESS` VARCHAR(255), 
	`FIRST_NAME` VARCHAR(255), 
	`LAST_NAME` VARCHAR(255), 
	`USER_ADDRESS_ID` BIGINT
   ) 
  ;
-- ------------------------------------------------------
--  DDL for Table BOOK_INVENTORY
-- ------------------------------------------------------

  CREATE TABLE `LIBRARY_MANAGEMENT`.`BOOK_INVENTORY` 
   (	`BOOK_ID` BIGINT, 
	`BOOK_AUTHOR` VARCHAR(255), 
	`BOOK_TITLE` VARCHAR(255), 
	`BOOK_PRICE` DOUBLE, 
	`BOOK_STOCK` BIGINT, 
	`VERSION` BIGINT, 
	`INITIAL_STOCK` DOUBLE, 
	`IMAGE_FILE_NAME` VARCHAR(100)
   ) 
  ;
-- ------------------------------------------------------
--  DDL for Table BOOK_ISSUE
-- ------------------------------------------------------

  CREATE TABLE `LIBRARY_MANAGEMENT`.`BOOK_ISSUE` 
   (	`BOOK_ISSUE_ID` BIGINT, 
	`DUE_DATE` DATETIME, 
	`ISSUE_DATE` DATETIME (6), 
	`RETURN_DATE` DATETIME (6), 
	`BOOK_ID` BIGINT, 
	`CUSTOMER_ID` BIGINT
   ) 
  ;
-- ------------------------------------------------------
--  DDL for Table CUSTOMER
-- ------------------------------------------------------

  CREATE TABLE `LIBRARY_MANAGEMENT`.`CUSTOMER` 
   (	`CUSTOMER_ID` BIGINT, 
	`USER_NAME` VARCHAR(255)
   ) 
  ;
-- ------------------------------------------------------
--  DDL for Table HT_APPLICATION_USER
-- ------------------------------------------------------

  
  CREATE TABLE `LIBRARY_MANAGEMENT`.`LIBRARIAN` 
   (	`EMPLOYEE_ID` BIGINT, 
	`USER_NAME` VARCHAR(255)
   ) 
  ;
-- ------------------------------------------------------
--  DDL for Table RESERVATION
-- ------------------------------------------------------

  CREATE TABLE `LIBRARY_MANAGEMENT`.`RESERVATION` 
   (	`RESERVATION_ID` BIGINT, 
	`RESERVATION_DATE` DATETIME (6), 
	`BOOK_ID` BIGINT, 
	`CUSTOMER_ID` BIGINT
   ) 
  ;
-- ------------------------------------------------------
--  DDL for Sequence ADDRESS_SEQ
-- ------------------------------------------------------

   CALL  CreateSequence('`LIBRARY_MANAGEMENT`.`ADDRESS_SEQ`', 34, 1)    ;
-- ------------------------------------------------------
--  DDL for Sequence BOOK_ISSUE_SEQ
-- ------------------------------------------------------

   CALL  CreateSequence('`LIBRARY_MANAGEMENT`.`BOOK_ISSUE_SEQ`', 94, 1)    ;
-- ------------------------------------------------------
--  DDL for Sequence BOOK_SEQ
-- ------------------------------------------------------

   CALL  CreateSequence('`LIBRARY_MANAGEMENT`.`BOOK_SEQ`', 18, 1)    ;
-- ------------------------------------------------------
--  DDL for Sequence CUSTOMER_SEQ
-- ------------------------------------------------------

   CALL  CreateSequence('`LIBRARY_MANAGEMENT`.`CUSTOMER_SEQ`', 1032, 1)   ;
-- ------------------------------------------------------
--  DDL for Sequence EMPLOYEE_SEQ
-- ------------------------------------------------------

   CALL  CreateSequence('`LIBRARY_MANAGEMENT`.`EMPLOYEE_SEQ`', 1003, 1)    ;
-- ------------------------------------------------------
--  DDL for Sequence RESERVATION_SEQ
-- ------------------------------------------------------

   CALL  CreateSequence('`LIBRARY_MANAGEMENT`.`RESERVATION_SEQ`', 5, 1)   ;
-- INSERTING into LIBRARY_MANAGEMENT.ADDRESS
/* SET DEFINE OFF; */
Insert into LIBRARY_MANAGEMENT.ADDRESS (ADDRESS_ID,CITY,ADDRESS_LN1,ADDRESS_LN2,STATE,ZIP_CODE) values (33,'Hartford','600 Asylum Avenue','Apt - 316','CT','06105');
-- INSERTING into LIBRARY_MANAGEMENT.APPLICATION_USER
/* SET DEFINE OFF; */
Insert into LIBRARY_MANAGEMENT.APPLICATION_USER (USER_NAME,EMAIL_ADDRESS,FIRST_NAME,LAST_NAME,USER_ADDRESS_ID) values ('rishi1626','scorpion_kingshuk@yahoo.co.in','Kingshuk','Mukherjee',33);
Insert into LIBRARY_MANAGEMENT.APPLICATION_USER (USER_NAME,EMAIL_ADDRESS,FIRST_NAME,LAST_NAME,USER_ADDRESS_ID) values ('rishi2616','sly.mania42@gmail.com','Kingshuk','Mukherjee',33);
Insert into LIBRARY_MANAGEMENT.APPLICATION_USER (USER_NAME,EMAIL_ADDRESS,FIRST_NAME,LAST_NAME,USER_ADDRESS_ID) values ('deeksha.jiya@gmail.com','deeksha.jiya@gmail.com','Deeksha','Banerjee',33);
-- INSERTING into LIBRARY_MANAGEMENT.BOOK_INVENTORY
/* SET DEFINE OFF; */
Insert into LIBRARY_MANAGEMENT.BOOK_INVENTORY (BOOK_ID,BOOK_AUTHOR,BOOK_TITLE,BOOK_PRICE,BOOK_STOCK,VERSION,INITIAL_STOCK,IMAGE_FILE_NAME) values (18,'Bert Brates','JPA 2.0 - An advanced approach',34,9,59,10,'18.jpg');
Insert into LIBRARY_MANAGEMENT.BOOK_INVENTORY (BOOK_ID,BOOK_AUTHOR,BOOK_TITLE,BOOK_PRICE,BOOK_STOCK,VERSION,INITIAL_STOCK,IMAGE_FILE_NAME) values (17,'Kathy Sierra','Head First EJB',25,5,33,10,'17.jpg');
-- INSERTING into LIBRARY_MANAGEMENT.BOOK_ISSUE
/* SET DEFINE OFF; */
Insert into LIBRARY_MANAGEMENT.BOOK_ISSUE (BOOK_ISSUE_ID,DUE_DATE,ISSUE_DATE,RETURN_DATE,BOOK_ID,CUSTOMER_ID) values (69,str_to_date('08-OCT-18','%d-MON-%y'),to_timestamp('03-OCT-18 12.06.57.000000000 AM','DD-MON-RR HH.MI.SSXFF AM'),to_timestamp('03-OCT-18 12.08.28.000000000 AM','DD-MON-RR HH.MI.SSXFF AM'),18,1029);
Insert into LIBRARY_MANAGEMENT.BOOK_ISSUE (BOOK_ISSUE_ID,DUE_DATE,ISSUE_DATE,RETURN_DATE,BOOK_ID,CUSTOMER_ID) values (70,str_to_date('08-OCT-18','%d-MON-%y'),to_timestamp('03-OCT-18 12.10.25.000000000 AM','DD-MON-RR HH.MI.SSXFF AM'),to_timestamp('03-OCT-18 12.10.40.000000000 AM','DD-MON-RR HH.MI.SSXFF AM'),18,1029);
Insert into LIBRARY_MANAGEMENT.BOOK_ISSUE (BOOK_ISSUE_ID,DUE_DATE,ISSUE_DATE,RETURN_DATE,BOOK_ID,CUSTOMER_ID) values (71,str_to_date('08-OCT-18','%d-MON-%y'),to_timestamp('03-OCT-18 12.12.18.000000000 AM','DD-MON-RR HH.MI.SSXFF AM'),to_timestamp('03-OCT-18 12.12.28.000000000 AM','DD-MON-RR HH.MI.SSXFF AM'),18,1029);
Insert into LIBRARY_MANAGEMENT.BOOK_ISSUE (BOOK_ISSUE_ID,DUE_DATE,ISSUE_DATE,RETURN_DATE,BOOK_ID,CUSTOMER_ID) values (72,str_to_date('08-OCT-18','%d-MON-%y'),to_timestamp('03-OCT-18 12.15.54.000000000 AM','DD-MON-RR HH.MI.SSXFF AM'),to_timestamp('03-OCT-18 12.16.03.000000000 AM','DD-MON-RR HH.MI.SSXFF AM'),18,1029);
Insert into LIBRARY_MANAGEMENT.BOOK_ISSUE (BOOK_ISSUE_ID,DUE_DATE,ISSUE_DATE,RETURN_DATE,BOOK_ID,CUSTOMER_ID) values (73,str_to_date('08-OCT-18','%d-MON-%y'),to_timestamp('03-OCT-18 12.17.27.000000000 AM','DD-MON-RR HH.MI.SSXFF AM'),to_timestamp('03-OCT-18 12.17.40.000000000 AM','DD-MON-RR HH.MI.SSXFF AM'),18,1029);
Insert into LIBRARY_MANAGEMENT.BOOK_ISSUE (BOOK_ISSUE_ID,DUE_DATE,ISSUE_DATE,RETURN_DATE,BOOK_ID,CUSTOMER_ID) values (74,str_to_date('08-OCT-18','%d-MON-%y'),to_timestamp('03-OCT-18 12.19.22.000000000 AM','DD-MON-RR HH.MI.SSXFF AM'),to_timestamp('03-OCT-18 12.19.31.000000000 AM','DD-MON-RR HH.MI.SSXFF AM'),18,1029);
Insert into LIBRARY_MANAGEMENT.BOOK_ISSUE (BOOK_ISSUE_ID,DUE_DATE,ISSUE_DATE,RETURN_DATE,BOOK_ID,CUSTOMER_ID) values (85,str_to_date('10-OCT-18','%d-MON-%y'),to_timestamp('05-OCT-18 08.49.20.000000000 PM','DD-MON-RR HH.MI.SSXFF AM'),to_timestamp('10-OCT-18 06.35.43.000000000 PM','DD-MON-RR HH.MI.SSXFF AM'),18,1029);
Insert into LIBRARY_MANAGEMENT.BOOK_ISSUE (BOOK_ISSUE_ID,DUE_DATE,ISSUE_DATE,RETURN_DATE,BOOK_ID,CUSTOMER_ID) values (86,str_to_date('10-OCT-18','%d-MON-%y'),to_timestamp('05-OCT-18 08.57.11.000000000 PM','DD-MON-RR HH.MI.SSXFF AM'),to_timestamp('10-OCT-18 06.35.54.000000000 PM','DD-MON-RR HH.MI.SSXFF AM'),17,1029);
Insert into LIBRARY_MANAGEMENT.BOOK_ISSUE (BOOK_ISSUE_ID,DUE_DATE,ISSUE_DATE,RETURN_DATE,BOOK_ID,CUSTOMER_ID) values (68,str_to_date('08-OCT-18','%d-MON-%y'),to_timestamp('03-OCT-18 12.03.16.000000000 AM','DD-MON-RR HH.MI.SSXFF AM'),to_timestamp('03-OCT-18 12.03.41.000000000 AM','DD-MON-RR HH.MI.SSXFF AM'),18,1029);
Insert into LIBRARY_MANAGEMENT.BOOK_ISSUE (BOOK_ISSUE_ID,DUE_DATE,ISSUE_DATE,RETURN_DATE,BOOK_ID,CUSTOMER_ID) values (87,str_to_date('25-OCT-18','%d-MON-%y'),to_timestamp('20-OCT-18 06.55.44.000000000 PM','DD-MON-RR HH.MI.SSXFF AM'),to_timestamp('20-OCT-18 06.56.46.000000000 PM','DD-MON-RR HH.MI.SSXFF AM'),17,1029);
Insert into LIBRARY_MANAGEMENT.BOOK_ISSUE (BOOK_ISSUE_ID,DUE_DATE,ISSUE_DATE,RETURN_DATE,BOOK_ID,CUSTOMER_ID) values (43,str_to_date('30-SEP-18','%d-MON-%y'),to_timestamp('30-SEP-18 06.36.59.974000000 PM','DD-MON-RR HH.MI.SSXFF AM'),to_timestamp('02-OCT-18 11.13.44.000000000 PM','DD-MON-RR HH.MI.SSXFF AM'),17,1031);
Insert into LIBRARY_MANAGEMENT.BOOK_ISSUE (BOOK_ISSUE_ID,DUE_DATE,ISSUE_DATE,RETURN_DATE,BOOK_ID,CUSTOMER_ID) values (88,str_to_date('25-OCT-18','%d-MON-%y'),to_timestamp('20-OCT-18 06.58.23.000000000 PM','DD-MON-RR HH.MI.SSXFF AM'),to_timestamp('20-OCT-18 06.58.57.000000000 PM','DD-MON-RR HH.MI.SSXFF AM'),18,1029);
Insert into LIBRARY_MANAGEMENT.BOOK_ISSUE (BOOK_ISSUE_ID,DUE_DATE,ISSUE_DATE,RETURN_DATE,BOOK_ID,CUSTOMER_ID) values (64,str_to_date('07-OCT-18','%d-MON-%y'),to_timestamp('02-OCT-18 11.13.44.000000000 PM','DD-MON-RR HH.MI.SSXFF AM'),to_timestamp('02-OCT-18 11.26.43.000000000 PM','DD-MON-RR HH.MI.SSXFF AM'),17,1029);
Insert into LIBRARY_MANAGEMENT.BOOK_ISSUE (BOOK_ISSUE_ID,DUE_DATE,ISSUE_DATE,RETURN_DATE,BOOK_ID,CUSTOMER_ID) values (63,str_to_date('07-OCT-18','%d-MON-%y'),to_timestamp('02-OCT-18 11.13.08.000000000 PM','DD-MON-RR HH.MI.SSXFF AM'),to_timestamp('02-OCT-18 11.20.46.000000000 PM','DD-MON-RR HH.MI.SSXFF AM'),18,1029);
Insert into LIBRARY_MANAGEMENT.BOOK_ISSUE (BOOK_ISSUE_ID,DUE_DATE,ISSUE_DATE,RETURN_DATE,BOOK_ID,CUSTOMER_ID) values (90,str_to_date('23-NOV-18','%d-MON-%y'),to_timestamp('18-NOV-18 08.26.11.000000000 PM','DD-MON-RR HH.MI.SSXFF AM'),to_timestamp('18-NOV-18 08.26.31.000000000 PM','DD-MON-RR HH.MI.SSXFF AM'),18,1029);
Insert into LIBRARY_MANAGEMENT.BOOK_ISSUE (BOOK_ISSUE_ID,DUE_DATE,ISSUE_DATE,RETURN_DATE,BOOK_ID,CUSTOMER_ID) values (56,str_to_date('04-OCT-18','%d-MON-%y'),to_timestamp('01-OCT-18 09.55.06.000000000 PM','DD-MON-RR HH.MI.SSXFF AM'),to_timestamp('02-OCT-18 11.13.08.000000000 PM','DD-MON-RR HH.MI.SSXFF AM'),18,1031);
Insert into LIBRARY_MANAGEMENT.BOOK_ISSUE (BOOK_ISSUE_ID,DUE_DATE,ISSUE_DATE,RETURN_DATE,BOOK_ID,CUSTOMER_ID) values (91,str_to_date('23-NOV-18','%d-MON-%y'),to_timestamp('18-NOV-18 08.26.58.000000000 PM','DD-MON-RR HH.MI.SSXFF AM'),to_timestamp('18-NOV-18 08.27.23.000000000 PM','DD-MON-RR HH.MI.SSXFF AM'),18,1029);
Insert into LIBRARY_MANAGEMENT.BOOK_ISSUE (BOOK_ISSUE_ID,DUE_DATE,ISSUE_DATE,RETURN_DATE,BOOK_ID,CUSTOMER_ID) values (49,str_to_date('30-SEP-18','%d-MON-%y'),to_timestamp('30-SEP-18 07.44.43.685000000 PM','DD-MON-RR HH.MI.SSXFF AM'),to_timestamp('05-OCT-18 08.57.11.000000000 PM','DD-MON-RR HH.MI.SSXFF AM'),17,1031);
Insert into LIBRARY_MANAGEMENT.BOOK_ISSUE (BOOK_ISSUE_ID,DUE_DATE,ISSUE_DATE,RETURN_DATE,BOOK_ID,CUSTOMER_ID) values (82,str_to_date('09-OCT-18','%d-MON-%y'),to_timestamp('04-OCT-18 08.12.15.000000000 PM','DD-MON-RR HH.MI.SSXFF AM'),to_timestamp('04-OCT-18 08.12.41.000000000 PM','DD-MON-RR HH.MI.SSXFF AM'),17,1029);
Insert into LIBRARY_MANAGEMENT.BOOK_ISSUE (BOOK_ISSUE_ID,DUE_DATE,ISSUE_DATE,RETURN_DATE,BOOK_ID,CUSTOMER_ID) values (47,str_to_date('30-SEP-18','%d-MON-%y'),to_timestamp('30-SEP-18 07.43.05.776000000 PM','DD-MON-RR HH.MI.SSXFF AM'),to_timestamp('05-OCT-18 08.57.27.000000000 PM','DD-MON-RR HH.MI.SSXFF AM'),17,1031);
Insert into LIBRARY_MANAGEMENT.BOOK_ISSUE (BOOK_ISSUE_ID,DUE_DATE,ISSUE_DATE,RETURN_DATE,BOOK_ID,CUSTOMER_ID) values (51,str_to_date('30-SEP-18','%d-MON-%y'),to_timestamp('30-SEP-18 07.47.34.981000000 PM','DD-MON-RR HH.MI.SSXFF AM'),to_timestamp('05-OCT-18 08.57.38.000000000 PM','DD-MON-RR HH.MI.SSXFF AM'),17,1031);
Insert into LIBRARY_MANAGEMENT.BOOK_ISSUE (BOOK_ISSUE_ID,DUE_DATE,ISSUE_DATE,RETURN_DATE,BOOK_ID,CUSTOMER_ID) values (54,str_to_date('30-SEP-18','%d-MON-%y'),to_timestamp('30-SEP-18 07.52.26.843000000 PM','DD-MON-RR HH.MI.SSXFF AM'),to_timestamp('05-OCT-18 08.57.44.000000000 PM','DD-MON-RR HH.MI.SSXFF AM'),17,1031);
Insert into LIBRARY_MANAGEMENT.BOOK_ISSUE (BOOK_ISSUE_ID,DUE_DATE,ISSUE_DATE,RETURN_DATE,BOOK_ID,CUSTOMER_ID) values (55,str_to_date('30-SEP-18','%d-MON-%y'),to_timestamp('30-SEP-18 08.01.00.591000000 PM','DD-MON-RR HH.MI.SSXFF AM'),to_timestamp('10-OCT-18 06.36.44.000000000 PM','DD-MON-RR HH.MI.SSXFF AM'),17,1031);
Insert into LIBRARY_MANAGEMENT.BOOK_ISSUE (BOOK_ISSUE_ID,DUE_DATE,ISSUE_DATE,RETURN_DATE,BOOK_ID,CUSTOMER_ID) values (81,str_to_date('09-OCT-18','%d-MON-%y'),to_timestamp('04-OCT-18 08.11.58.000000000 PM','DD-MON-RR HH.MI.SSXFF AM'),to_timestamp('04-OCT-18 08.12.26.000000000 PM','DD-MON-RR HH.MI.SSXFF AM'),18,1029);
Insert into LIBRARY_MANAGEMENT.BOOK_ISSUE (BOOK_ISSUE_ID,DUE_DATE,ISSUE_DATE,RETURN_DATE,BOOK_ID,CUSTOMER_ID) values (83,str_to_date('09-OCT-18','%d-MON-%y'),to_timestamp('04-OCT-18 08.20.45.000000000 PM','DD-MON-RR HH.MI.SSXFF AM'),to_timestamp('05-OCT-18 08.48.46.000000000 PM','DD-MON-RR HH.MI.SSXFF AM'),18,1029);
Insert into LIBRARY_MANAGEMENT.BOOK_ISSUE (BOOK_ISSUE_ID,DUE_DATE,ISSUE_DATE,RETURN_DATE,BOOK_ID,CUSTOMER_ID) values (65,str_to_date('07-OCT-18','%d-MON-%y'),to_timestamp('02-OCT-18 11.30.36.000000000 PM','DD-MON-RR HH.MI.SSXFF AM'),to_timestamp('02-OCT-18 11.31.06.000000000 PM','DD-MON-RR HH.MI.SSXFF AM'),18,1029);
Insert into LIBRARY_MANAGEMENT.BOOK_ISSUE (BOOK_ISSUE_ID,DUE_DATE,ISSUE_DATE,RETURN_DATE,BOOK_ID,CUSTOMER_ID) values (66,str_to_date('07-OCT-18','%d-MON-%y'),to_timestamp('02-OCT-18 11.34.13.000000000 PM','DD-MON-RR HH.MI.SSXFF AM'),to_timestamp('02-OCT-18 11.34.27.000000000 PM','DD-MON-RR HH.MI.SSXFF AM'),18,1029);
Insert into LIBRARY_MANAGEMENT.BOOK_ISSUE (BOOK_ISSUE_ID,DUE_DATE,ISSUE_DATE,RETURN_DATE,BOOK_ID,CUSTOMER_ID) values (67,str_to_date('07-OCT-18','%d-MON-%y'),to_timestamp('02-OCT-18 11.36.41.000000000 PM','DD-MON-RR HH.MI.SSXFF AM'),to_timestamp('02-OCT-18 11.37.26.000000000 PM','DD-MON-RR HH.MI.SSXFF AM'),18,1029);
Insert into LIBRARY_MANAGEMENT.BOOK_ISSUE (BOOK_ISSUE_ID,DUE_DATE,ISSUE_DATE,RETURN_DATE,BOOK_ID,CUSTOMER_ID) values (75,str_to_date('08-OCT-18','%d-MON-%y'),to_timestamp('03-OCT-18 06.59.58.000000000 PM','DD-MON-RR HH.MI.SSXFF AM'),to_timestamp('03-OCT-18 07.00.09.000000000 PM','DD-MON-RR HH.MI.SSXFF AM'),18,1029);
Insert into LIBRARY_MANAGEMENT.BOOK_ISSUE (BOOK_ISSUE_ID,DUE_DATE,ISSUE_DATE,RETURN_DATE,BOOK_ID,CUSTOMER_ID) values (76,str_to_date('05-OCT-18','%d-MON-%y'),to_timestamp('03-OCT-18 08.01.04.000000000 PM','DD-MON-RR HH.MI.SSXFF AM'),to_timestamp('03-OCT-18 08.24.34.000000000 PM','DD-MON-RR HH.MI.SSXFF AM'),18,1029);
Insert into LIBRARY_MANAGEMENT.BOOK_ISSUE (BOOK_ISSUE_ID,DUE_DATE,ISSUE_DATE,RETURN_DATE,BOOK_ID,CUSTOMER_ID) values (77,str_to_date('02-OCT-18','%d-MON-%y'),to_timestamp('03-OCT-18 08.24.52.000000000 PM','DD-MON-RR HH.MI.SSXFF AM'),to_timestamp('04-OCT-18 07.20.16.000000000 PM','DD-MON-RR HH.MI.SSXFF AM'),18,1029);
Insert into LIBRARY_MANAGEMENT.BOOK_ISSUE (BOOK_ISSUE_ID,DUE_DATE,ISSUE_DATE,RETURN_DATE,BOOK_ID,CUSTOMER_ID) values (78,str_to_date('03-OCT-18','%d-MON-%y'),to_timestamp('03-OCT-18 08.25.01.000000000 PM','DD-MON-RR HH.MI.SSXFF AM'),to_timestamp('04-OCT-18 07.20.57.000000000 PM','DD-MON-RR HH.MI.SSXFF AM'),17,1029);
Insert into LIBRARY_MANAGEMENT.BOOK_ISSUE (BOOK_ISSUE_ID,DUE_DATE,ISSUE_DATE,RETURN_DATE,BOOK_ID,CUSTOMER_ID) values (79,str_to_date('09-OCT-18','%d-MON-%y'),to_timestamp('04-OCT-18 07.27.34.000000000 PM','DD-MON-RR HH.MI.SSXFF AM'),to_timestamp('04-OCT-18 07.50.06.000000000 PM','DD-MON-RR HH.MI.SSXFF AM'),18,1029);
Insert into LIBRARY_MANAGEMENT.BOOK_ISSUE (BOOK_ISSUE_ID,DUE_DATE,ISSUE_DATE,RETURN_DATE,BOOK_ID,CUSTOMER_ID) values (80,str_to_date('09-OCT-18','%d-MON-%y'),to_timestamp('04-OCT-18 07.49.45.000000000 PM','DD-MON-RR HH.MI.SSXFF AM'),to_timestamp('04-OCT-18 07.50.40.000000000 PM','DD-MON-RR HH.MI.SSXFF AM'),17,1029);
Insert into LIBRARY_MANAGEMENT.BOOK_ISSUE (BOOK_ISSUE_ID,DUE_DATE,ISSUE_DATE,RETURN_DATE,BOOK_ID,CUSTOMER_ID) values (84,str_to_date('04-OCT-18','%d-MON-%y'),to_timestamp('05-OCT-18 07.28.16.000000000 PM','DD-MON-RR HH.MI.SSXFF AM'),to_timestamp('05-OCT-18 08.54.38.000000000 PM','DD-MON-RR HH.MI.SSXFF AM'),17,1029);
Insert into LIBRARY_MANAGEMENT.BOOK_ISSUE (BOOK_ISSUE_ID,DUE_DATE,ISSUE_DATE,RETURN_DATE,BOOK_ID,CUSTOMER_ID) values (89,str_to_date('13-NOV-18','%d-MON-%y'),to_timestamp('08-NOV-18 08.04.36.000000000 PM','DD-MON-RR HH.MI.SSXFF AM'),to_timestamp('08-NOV-18 08.05.06.000000000 PM','DD-MON-RR HH.MI.SSXFF AM'),18,1029);
Insert into LIBRARY_MANAGEMENT.BOOK_ISSUE (BOOK_ISSUE_ID,DUE_DATE,ISSUE_DATE,RETURN_DATE,BOOK_ID,CUSTOMER_ID) values (92,str_to_date('22-DEC-18','%d-MON-%y'),to_timestamp('17-DEC-18 02.53.33.000000000 PM','DD-MON-RR HH.MI.SSXFF AM'),to_timestamp('17-DEC-18 02.53.58.000000000 PM','DD-MON-RR HH.MI.SSXFF AM'),18,1029);
Insert into LIBRARY_MANAGEMENT.BOOK_ISSUE (BOOK_ISSUE_ID,DUE_DATE,ISSUE_DATE,RETURN_DATE,BOOK_ID,CUSTOMER_ID) values (93,str_to_date('22-DEC-18','%d-MON-%y'),to_timestamp('17-DEC-18 02.54.20.000000000 PM','DD-MON-RR HH.MI.SSXFF AM'),null,18,1029);
-- INSERTING into LIBRARY_MANAGEMENT.CUSTOMER
/* SET DEFINE OFF; */
Insert into LIBRARY_MANAGEMENT.CUSTOMER (CUSTOMER_ID,USER_NAME) values (1029,'rishi2616');
Insert into LIBRARY_MANAGEMENT.CUSTOMER (CUSTOMER_ID,USER_NAME) values (1030,'deeksha.jiya@gmail.com');
Insert into LIBRARY_MANAGEMENT.CUSTOMER (CUSTOMER_ID,USER_NAME) values (1031,'rishi1626');
-- INSERTING into LIBRARY_MANAGEMENT.HT_APPLICATION_USER
/* SET DEFINE OFF; */
-- INSERTING into LIBRARY_MANAGEMENT.HT_CUSTOMER
/* SET DEFINE OFF; */
-- INSERTING into LIBRARY_MANAGEMENT.HT_LIBRARIAN
/* SET DEFINE OFF; */
-- INSERTING into LIBRARY_MANAGEMENT.LIBRARIAN
/* SET DEFINE OFF; */
-- INSERTING into LIBRARY_MANAGEMENT.RESERVATION
/* SET DEFINE OFF; */
-- ------------------------------------------------------
--  DDL for Index SYS_C008778
-- ------------------------------------------------------

  CREATE UNIQUE INDEX `LIBRARY_MANAGEMENT`.`SYS_C008778` ON `LIBRARY_MANAGEMENT`.`ADDRESS` (`ADDRESS_ID`) 
  ;
-- ------------------------------------------------------
--  DDL for Index SYS_C008783
-- ------------------------------------------------------

  CREATE UNIQUE INDEX `LIBRARY_MANAGEMENT`.`SYS_C008783` ON `LIBRARY_MANAGEMENT`.`APPLICATION_USER` (`USER_NAME`) 
  ;
-- ------------------------------------------------------
--  DDL for Index SYS_C008787
-- ------------------------------------------------------

  CREATE UNIQUE INDEX `LIBRARY_MANAGEMENT`.`SYS_C008787` ON `LIBRARY_MANAGEMENT`.`BOOK_INVENTORY` (`BOOK_ID`) 
  ;
-- ------------------------------------------------------
--  DDL for Index SYS_C008790
-- ------------------------------------------------------

  CREATE UNIQUE INDEX `LIBRARY_MANAGEMENT`.`SYS_C008790` ON `LIBRARY_MANAGEMENT`.`BOOK_ISSUE` (`BOOK_ISSUE_ID`) 
  ;
-- ------------------------------------------------------
--  DDL for Index SYS_C008793
-- ------------------------------------------------------

  CREATE UNIQUE INDEX `LIBRARY_MANAGEMENT`.`SYS_C008793` ON `LIBRARY_MANAGEMENT`.`CUSTOMER` (`USER_NAME`) 
  ;
-- ------------------------------------------------------
--  DDL for Index SYS_C008796
-- ------------------------------------------------------

  CREATE UNIQUE INDEX `LIBRARY_MANAGEMENT`.`SYS_C008796` ON `LIBRARY_MANAGEMENT`.`LIBRARIAN` (`USER_NAME`) 
  ;
-- ------------------------------------------------------
--  DDL for Index SYS_C008799
-- ------------------------------------------------------

  CREATE UNIQUE INDEX `LIBRARY_MANAGEMENT`.`SYS_C008799` ON `LIBRARY_MANAGEMENT`.`RESERVATION` (`RESERVATION_ID`) 
  ;
-- ------------------------------------------------------
--  DDL for Index UK_1CDVBCT0X4MN85V9QM33BH8JQ
-- ------------------------------------------------------

  CREATE UNIQUE INDEX `LIBRARY_MANAGEMENT`.`UK_1CDVBCT0X4MN85V9QM33BH8JQ` ON `LIBRARY_MANAGEMENT`.`LIBRARIAN` (`EMPLOYEE_ID`) 
  ;
-- ------------------------------------------------------
--  DDL for Index UK_63VFMQQC5HHWWVMOWQIBMK0IP
-- ------------------------------------------------------

  CREATE UNIQUE INDEX `LIBRARY_MANAGEMENT`.`UK_63VFMQQC5HHWWVMOWQIBMK0IP` ON `LIBRARY_MANAGEMENT`.`BOOK_INVENTORY` (`BOOK_TITLE`) 
  ;
-- ------------------------------------------------------
--  DDL for Index UK_JT63Q2SUY91Q2UCH0LL9WCXX5
-- ------------------------------------------------------

  CREATE UNIQUE INDEX `LIBRARY_MANAGEMENT`.`UK_JT63Q2SUY91Q2UCH0LL9WCXX5` ON `LIBRARY_MANAGEMENT`.`CUSTOMER` (`CUSTOMER_ID`) 
  ;
-- ------------------------------------------------------
--  Constraints for Table ADDRESS
-- ------------------------------------------------------

  ALTER TABLE `LIBRARY_MANAGEMENT`.`ADDRESS` MODIFY (`ADDRESS_ID` NOT NULL ENABLE);
  ALTER TABLE `LIBRARY_MANAGEMENT`.`ADDRESS` MODIFY (`CITY` NOT NULL ENABLE);
  ALTER TABLE `LIBRARY_MANAGEMENT`.`ADDRESS` MODIFY (`STATE` NOT NULL ENABLE);
  ALTER TABLE `LIBRARY_MANAGEMENT`.`ADDRESS` MODIFY (`ZIP_CODE` NOT NULL ENABLE);
  ALTER TABLE `LIBRARY_MANAGEMENT`.`ADDRESS` ADD PRIMARY KEY (`ADDRESS_ID`)
  10 INITRANS 2 MAXTRANS 255 COMPUTE STATISTICS 
  STORAGE(INITIAL 65536 NEXT 1048576 MINEXTENTS 1 MAXEXTENTS 2147483645
  PCTINCREASE 0 FREELISTS 1 FREELIST GROUPS 1
  BUFFER_POOL DEFAULT FLASH_CACHE DEFAULT CELL_FLASH_CACHE DEFAULT)
  TABLESPACE `USERS`  ENABLE;
-- ------------------------------------------------------
--  Constraints for Table APPLICATION_USER
-- ------------------------------------------------------

  ALTER TABLE `LIBRARY_MANAGEMENT`.`APPLICATION_USER` MODIFY (`USER_NAME` NOT NULL ENABLE);
  ALTER TABLE `LIBRARY_MANAGEMENT`.`APPLICATION_USER` MODIFY (`EMAIL_ADDRESS` NOT NULL ENABLE);
  ALTER TABLE `LIBRARY_MANAGEMENT`.`APPLICATION_USER` MODIFY (`FIRST_NAME` NOT NULL ENABLE);
  ALTER TABLE `LIBRARY_MANAGEMENT`.`APPLICATION_USER` MODIFY (`LAST_NAME` NOT NULL ENABLE);
  ALTER TABLE `LIBRARY_MANAGEMENT`.`APPLICATION_USER` ADD PRIMARY KEY (`USER_NAME`)
  10 INITRANS 2 MAXTRANS 255 COMPUTE STATISTICS 
  STORAGE(INITIAL 65536 NEXT 1048576 MINEXTENTS 1 MAXEXTENTS 2147483645
  PCTINCREASE 0 FREELISTS 1 FREELIST GROUPS 1
  BUFFER_POOL DEFAULT FLASH_CACHE DEFAULT CELL_FLASH_CACHE DEFAULT)
  TABLESPACE `USERS`  ENABLE;
-- ------------------------------------------------------
--  Constraints for Table BOOK_INVENTORY
-- ------------------------------------------------------

  ALTER TABLE `LIBRARY_MANAGEMENT`.`BOOK_INVENTORY` MODIFY (`BOOK_TITLE` NOT NULL ENABLE);
  ALTER TABLE `LIBRARY_MANAGEMENT`.`BOOK_INVENTORY` ADD PRIMARY KEY (`BOOK_ID`)
  10 INITRANS 2 MAXTRANS 255 COMPUTE STATISTICS 
  STORAGE(INITIAL 65536 NEXT 1048576 MINEXTENTS 1 MAXEXTENTS 2147483645
  PCTINCREASE 0 FREELISTS 1 FREELIST GROUPS 1
  BUFFER_POOL DEFAULT FLASH_CACHE DEFAULT CELL_FLASH_CACHE DEFAULT)
  TABLESPACE `USERS`  ENABLE;
  ALTER TABLE `LIBRARY_MANAGEMENT`.`BOOK_INVENTORY` ADD CONSTRAINT `UK_63VFMQQC5HHWWVMOWQIBMK0IP` UNIQUE (`BOOK_TITLE`)
  10 INITRANS 2 MAXTRANS 255 COMPUTE STATISTICS 
  STORAGE(INITIAL 65536 NEXT 1048576 MINEXTENTS 1 MAXEXTENTS 2147483645
  PCTINCREASE 0 FREELISTS 1 FREELIST GROUPS 1
  BUFFER_POOL DEFAULT FLASH_CACHE DEFAULT CELL_FLASH_CACHE DEFAULT)
  TABLESPACE `USERS`  ENABLE;
  ALTER TABLE `LIBRARY_MANAGEMENT`.`BOOK_INVENTORY` MODIFY (`BOOK_ID` NOT NULL ENABLE);
  ALTER TABLE `LIBRARY_MANAGEMENT`.`BOOK_INVENTORY` MODIFY (`BOOK_AUTHOR` NOT NULL ENABLE);
-- ------------------------------------------------------
--  Constraints for Table BOOK_ISSUE
-- ------------------------------------------------------

  ALTER TABLE `LIBRARY_MANAGEMENT`.`BOOK_ISSUE` MODIFY (`BOOK_ISSUE_ID` NOT NULL ENABLE);
  ALTER TABLE `LIBRARY_MANAGEMENT`.`BOOK_ISSUE` MODIFY (`ISSUE_DATE` NOT NULL ENABLE);
  ALTER TABLE `LIBRARY_MANAGEMENT`.`BOOK_ISSUE` ADD PRIMARY KEY (`BOOK_ISSUE_ID`)
  10 INITRANS 2 MAXTRANS 255 COMPUTE STATISTICS 
  STORAGE(INITIAL 65536 NEXT 1048576 MINEXTENTS 1 MAXEXTENTS 2147483645
  PCTINCREASE 0 FREELISTS 1 FREELIST GROUPS 1
  BUFFER_POOL DEFAULT FLASH_CACHE DEFAULT CELL_FLASH_CACHE DEFAULT)
  TABLESPACE `USERS`  ENABLE;
-- ------------------------------------------------------
--  Constraints for Table CUSTOMER
-- ------------------------------------------------------

  ALTER TABLE `LIBRARY_MANAGEMENT`.`CUSTOMER` MODIFY (`CUSTOMER_ID` NOT NULL ENABLE);
  ALTER TABLE `LIBRARY_MANAGEMENT`.`CUSTOMER` MODIFY (`USER_NAME` NOT NULL ENABLE);
  ALTER TABLE `LIBRARY_MANAGEMENT`.`CUSTOMER` ADD PRIMARY KEY (`USER_NAME`)
  10 INITRANS 2 MAXTRANS 255 COMPUTE STATISTICS 
  STORAGE(INITIAL 65536 NEXT 1048576 MINEXTENTS 1 MAXEXTENTS 2147483645
  PCTINCREASE 0 FREELISTS 1 FREELIST GROUPS 1
  BUFFER_POOL DEFAULT FLASH_CACHE DEFAULT CELL_FLASH_CACHE DEFAULT)
  TABLESPACE `USERS`  ENABLE;
  ALTER TABLE `LIBRARY_MANAGEMENT`.`CUSTOMER` ADD CONSTRAINT `UK_JT63Q2SUY91Q2UCH0LL9WCXX5` UNIQUE (`CUSTOMER_ID`)
  10 INITRANS 2 MAXTRANS 255 COMPUTE STATISTICS 
  STORAGE(INITIAL 65536 NEXT 1048576 MINEXTENTS 1 MAXEXTENTS 2147483645
  PCTINCREASE 0 FREELISTS 1 FREELIST GROUPS 1
  BUFFER_POOL DEFAULT FLASH_CACHE DEFAULT CELL_FLASH_CACHE DEFAULT)
  TABLESPACE `USERS`  ENABLE;
-- ------------------------------------------------------
--  Constraints for Table HT_APPLICATION_USER
-- ------------------------------------------------------

  ALTER TABLE `LIBRARY_MANAGEMENT`.`HT_APPLICATION_USER` MODIFY (`USER_NAME` NOT NULL ENABLE);
-- ------------------------------------------------------
--  Constraints for Table HT_CUSTOMER
-- ------------------------------------------------------

  ALTER TABLE `LIBRARY_MANAGEMENT`.`HT_CUSTOMER` MODIFY (`USER_NAME` NOT NULL ENABLE);
-- ------------------------------------------------------
--  Constraints for Table HT_LIBRARIAN
-- ------------------------------------------------------

  ALTER TABLE `LIBRARY_MANAGEMENT`.`HT_LIBRARIAN` MODIFY (`USER_NAME` NOT NULL ENABLE);
-- ------------------------------------------------------
--  Constraints for Table LIBRARIAN
-- ------------------------------------------------------

  ALTER TABLE `LIBRARY_MANAGEMENT`.`LIBRARIAN` MODIFY (`EMPLOYEE_ID` NOT NULL ENABLE);
  ALTER TABLE `LIBRARY_MANAGEMENT`.`LIBRARIAN` MODIFY (`USER_NAME` NOT NULL ENABLE);
  ALTER TABLE `LIBRARY_MANAGEMENT`.`LIBRARIAN` ADD PRIMARY KEY (`USER_NAME`)
  10 INITRANS 2 MAXTRANS 255 COMPUTE STATISTICS 
  STORAGE(INITIAL 65536 NEXT 1048576 MINEXTENTS 1 MAXEXTENTS 2147483645
  PCTINCREASE 0 FREELISTS 1 FREELIST GROUPS 1
  BUFFER_POOL DEFAULT FLASH_CACHE DEFAULT CELL_FLASH_CACHE DEFAULT)
  TABLESPACE `USERS`  ENABLE;
  ALTER TABLE `LIBRARY_MANAGEMENT`.`LIBRARIAN` ADD CONSTRAINT `UK_1CDVBCT0X4MN85V9QM33BH8JQ` UNIQUE (`EMPLOYEE_ID`)
  10 INITRANS 2 MAXTRANS 255 COMPUTE STATISTICS 
  STORAGE(INITIAL 65536 NEXT 1048576 MINEXTENTS 1 MAXEXTENTS 2147483645
  PCTINCREASE 0 FREELISTS 1 FREELIST GROUPS 1
  BUFFER_POOL DEFAULT FLASH_CACHE DEFAULT CELL_FLASH_CACHE DEFAULT)
  TABLESPACE `USERS`  ENABLE;
-- ------------------------------------------------------
--  Constraints for Table RESERVATION
-- ------------------------------------------------------

  ALTER TABLE `LIBRARY_MANAGEMENT`.`RESERVATION` MODIFY (`RESERVATION_ID` NOT NULL ENABLE);
  ALTER TABLE `LIBRARY_MANAGEMENT`.`RESERVATION` MODIFY (`RESERVATION_DATE` NOT NULL ENABLE);
  ALTER TABLE `LIBRARY_MANAGEMENT`.`RESERVATION` ADD PRIMARY KEY (`RESERVATION_ID`)
  10 INITRANS 2 MAXTRANS 255 COMPUTE STATISTICS 
  STORAGE(INITIAL 65536 NEXT 1048576 MINEXTENTS 1 MAXEXTENTS 2147483645
  PCTINCREASE 0 FREELISTS 1 FREELIST GROUPS 1
  BUFFER_POOL DEFAULT FLASH_CACHE DEFAULT CELL_FLASH_CACHE DEFAULT)
  TABLESPACE `USERS`  ENABLE;
-- ------------------------------------------------------
--  Ref Constraints for Table APPLICATION_USER
-- ------------------------------------------------------

  ALTER TABLE `LIBRARY_MANAGEMENT`.`APPLICATION_USER` ADD CONSTRAINT `FKPU6YFL3VBGAEKOY898TIMEVXW` FOREIGN KEY (`USER_ADDRESS_ID`)
	  REFERENCES `LIBRARY_MANAGEMENT`.`ADDRESS` (`ADDRESS_ID`);
-- ------------------------------------------------------
--  Ref Constraints for Table BOOK_ISSUE
-- ------------------------------------------------------

  ALTER TABLE `LIBRARY_MANAGEMENT`.`BOOK_ISSUE` ADD CONSTRAINT `FKDG04Q25BYPRWPYLDDPOYVSJMF` FOREIGN KEY (`BOOK_ID`)
	  REFERENCES `LIBRARY_MANAGEMENT`.`BOOK_INVENTORY` (`BOOK_ID`);
  ALTER TABLE `LIBRARY_MANAGEMENT`.`BOOK_ISSUE` ADD CONSTRAINT `FKH44VRND2DH2LHKRHNG69RLIRX` FOREIGN KEY (`CUSTOMER_ID`)
	  REFERENCES `LIBRARY_MANAGEMENT`.`CUSTOMER` (`CUSTOMER_ID`);
-- ------------------------------------------------------
--  Ref Constraints for Table CUSTOMER
-- ------------------------------------------------------

  ALTER TABLE `LIBRARY_MANAGEMENT`.`CUSTOMER` ADD CONSTRAINT `FK6973CVESEPE2I3TMKABVJXV25` FOREIGN KEY (`USER_NAME`)
	  REFERENCES `LIBRARY_MANAGEMENT`.`APPLICATION_USER` (`USER_NAME`);
-- ------------------------------------------------------
--  Ref Constraints for Table LIBRARIAN
-- ------------------------------------------------------

  ALTER TABLE `LIBRARY_MANAGEMENT`.`LIBRARIAN` ADD CONSTRAINT `FKGV5VLLR716JHW3YEVNKQQOB13` FOREIGN KEY (`USER_NAME`)
	  REFERENCES `LIBRARY_MANAGEMENT`.`CUSTOMER` (`USER_NAME`);
-- ------------------------------------------------------
--  Ref Constraints for Table RESERVATION
-- ------------------------------------------------------

  ALTER TABLE `LIBRARY_MANAGEMENT`.`RESERVATION` ADD CONSTRAINT `FKNEVU5CP65QV3E6FK5XQT5C7TT` FOREIGN KEY (`BOOK_ID`)
	  REFERENCES `LIBRARY_MANAGEMENT`.`BOOK_INVENTORY` (`BOOK_ID`);
  ALTER TABLE `LIBRARY_MANAGEMENT`.`RESERVATION` ADD CONSTRAINT `FK41V6UEO0HIRAN65W8Y1CTA2C2` FOREIGN KEY (`CUSTOMER_ID`)
	  REFERENCES `LIBRARY_MANAGEMENT`.`CUSTOMER` (`CUSTOMER_ID`);
